sic_final,revenue_growth,roa,debt_ratio,cfo_assets,current_ratio,profit_margin
100.0,0.02858744394618834,-0.043516275113440785,0.3182081588777693,-0.019586526898830274,1.4376827874726423,-0.0670360565421452
200.0,0.06697617593158216,-0.06197421467285267,0.3204743255439161,0.016521121157463375,1.3652588903498502,-0.17529370233237826
700.0,0.060105838218657934,-0.06467780291103851,0.31981428720044836,0.003949686917977052,1.1214726105872863,-0.10176573977189941
800.0,0.061311006817699014,-0.0885650046708995,0.31209667125249974,0.03375995281627838,1.759437646446238,0.022155901112799466
900.0,0.1114173601636281,0.05736399380621499,0.13731145515771018,0.12550184746533885,2.574022120312921,0.09947771455904228
1000.0,0.13637139864664324,-0.11350368983368211,0.14163500855494013,-0.054316494629543154,0.9466102384634165,0.002710697996911872
1040.0,0.17288259545871557,-0.07499234397011086,0.09294901642485787,0.005084447245963032,1.3106432952024705,0.02281244907935473
1044.0,0.1262895214442641,-0.057922897516806154,0.06772308781869689,-0.05197865652019166,1.8508419673190906,0.0812807881773399
1090.0,-0.10032278633659535,-0.2031094527363184,0.07540344353841001,-0.16036263654603553,2.675561067134571,-0.3907460426073278
1220.0,-0.06813888042443073,-0.00814835568800816,0.256914463972267,0.04888330217771948,1.0973462578860378,-0.017704247783403456
1221.0,0.143808014121705,-0.04280373028492844,0.30475207661368175,0.06712012470747268,1.0175860638739112,-0.04418846647145657
1311.0,0.021479713603818635,-0.05412863804081617,0.2997483196717275,0.0862290201714315,0.8402056900574795,-0.14813095070587684
1381.0,0.01309478839510977,-0.01564569560628167,0.3649995224602846,0.07248736711162361,1.5181636369063611,-0.043013256275037534
1382.0,0.08355184310877055,-0.09144468651063356,0.4399807665834651,0.09129630909278999,1.1136873597606582,-0.06266359602314217
1389.0,0.010232399780404623,-0.02306321474646317,0.29095874265328775,0.06615552650674217,1.3636685552407934,-0.04592672394116735
1400.0,0.08532686403615944,-0.04992937093111405,0.22432375381330022,-0.0018892068223931783,1.8140367144723681,0.002203351432129776
1520.0,-0.03128188116572791,-0.028595030819088773,0.3500834635285172,-0.05803729905361679,1.6039942677527912,-0.0631937984496124
1531.0,-0.011852497206386557,0.013877148483718026,0.5021046240787868,0.031288295732705536,1.1076600207211456,0.02053251529249777
1540.0,-0.177382348971689,-0.03918709411726542,0.19150843452041397,-0.02946035920494114,1.2438981126720592,-0.04773699785234527
1600.0,0.09782266686496575,-0.0007763741647194059,0.3215475392013626,0.0,1.1575472895772503,0.0029192969281674605
1623.0,0.14647492221502034,0.01326168499325649,0.24321795999593554,0.06309181444995361,1.5189902473970969,0.016746287475437827
1700.0,0.11627620693240569,-0.01120092521822385,0.24994942171538356,0.013483444862020993,1.2758433560079256,-0.00812536273940801
1731.0,0.12348000501441636,-0.021290736867880494,0.3374303768876058,-0.030796141962463226,1.242760722839103,-0.013093334118704598
2000.0,0.03656575661860952,0.03394793246265701,0.35430747801161727,0.07856702212038424,1.4792960417047416,0.026575895382740765
2011.0,0.09052579451717685,0.03593363482719253,0.3249346420154199,0.051656118170606155,1.8100942243507832,0.008953726661852394
2013.0,0.042091836734693876,0.04261129617232605,0.2926887778860524,0.04806580131088549,1.6396308467545893,0.013011644266171763
2015.0,0.10333704879387609,0.061195341418489715,0.26605453109594096,0.112717489198961,2.0929416305815343,0.04126220543476075
2020.0,0.09217008113859677,0.03710650356550639,0.33564139489466327,0.03630168755973893,1.3293448936301666,0.016369480427470894
2024.0,0.1288698762140036,-0.10926188521531457,0.23288355822088957,-0.041247659195340666,1.3378551009283495,-0.07333280144066928
2030.0,0.07953360422859235,0.02352667587409623,0.3697453945085436,0.06323142397447107,1.6107110957091013,0.015926731448215548
2033.0,0.08249262320678594,-0.0374213633888756,0.36990906058225226,0.06891643369981724,1.4983096498419395,-0.05828641198748434
2040.0,0.04024871227539818,0.04084720121028744,0.300183704970542,0.07186985831307209,1.8879848686864953,0.024823742651263137
2050.0,0.05337517736997045,0.020035321441128184,0.3320041179613485,0.06678391959798995,1.3554839575781985,0.008342812181959683
2052.0,-0.015714285714285715,0.037662348236570733,0.3179711848482623,0.05821005622098319,1.0018332296923056,0.05338986700546358
2060.0,0.06726590972806278,0.045024895240198315,0.19114932738374682,0.04395604395604395,1.6998138380390941,0.03609063057603609
2070.0,0.08066742135784355,0.02081071334613439,0.35981819568386586,-0.01618431741574816,1.4332022846685422,0.011832689898860809
2080.0,0.041730329394383134,0.03177868714614048,0.2571961811786663,0.07373188405797101,1.7664113703707671,0.04101101494885917
2082.0,-0.01255192892991086,-0.003828623711239456,0.2864053759279456,0.07847517855258065,1.0020099679235144,0.0009317246161947091
2084.0,0.014604023618852926,0.0028448511906143115,0.2823661543031113,0.0022894528868019647,2.2426884449839974,0.009418452792502113
2085.0,0.015913092871837748,0.006385709445536331,0.340291480509385,-0.04767505967966151,1.5356639903011127,0.020964978339578326
2086.0,0.10095869029685887,0.028814233916645164,0.37363550563875864,0.05956198935484964,1.4587660354306657,0.02873253884767157
2090.0,0.06547478066737883,-0.05693858336957509,0.2964734782047667,0.01422653013366685,1.4628764991302754,-0.029914905477034022
2092.0,0.12520565975649886,0.008149672973031312,0.38499380511624515,0.029511677282377923,1.350823791742616,0.009536690885376002
2100.0,0.028953868813487865,0.11291145562715225,0.25457016329839266,0.06173215046182806,3.3666531509531135,0.13669802841126044
2111.0,0.024920911934713748,0.07306031779528055,0.2858647824487063,0.09121809335222089,1.1294681368669464,0.10909185814270571
2200.0,0.020607120577008857,0.006979740371870584,0.278481879838323,0.048958978612601456,1.7386750458235143,0.0036435105943338716
2211.0,-0.007363087117520989,-0.02727624294712682,0.4106401854166787,0.06885479019099928,2.101504603784453,-0.01998473219912324
2221.0,0.021685250441717405,0.03707451158947377,0.27192503210258395,0.08877971385626007,2.1000255484436927,0.028807379720836378
2250.0,-0.03147664056637488,-0.009633130109170425,0.33651412175719314,0.03725204815468507,2.201405849764699,-0.01037353895947136
2253.0,-0.05817979737528323,-0.15314992841071792,0.4086725301697689,-0.019569084799367465,1.7051588835971976,-0.15842574397216863
2273.0,-0.0047522815565336956,0.02341939222250837,0.3773893550634637,0.07836086204907411,2.0151515151515156,0.015140163576200287
2300.0,0.04127093468807846,0.03321175099826318,0.24585213283581234,0.0496116324777645,2.1666666666666665,0.021809757136770344
2320.0,-0.029630454760644968,-0.06940719521491194,0.32806471141973764,-0.007054376903185531,2.0669930858788543,-0.04717642932304455
2330.0,0.008918498805639849,-0.007882479398065209,0.37703244049956797,-0.007798486801806531,1.6611036819113845,-0.002869608466800134
2340.0,0.077947745605296,0.0347357630270249,0.14220071862339598,0.008374144541684335,2.0070645162330045,0.03116775375168788
2390.0,0.07033108599282682,0.06398915354451769,0.36281099886346274,-0.09715916198152086,2.2372619096501083,0.04666615099424832
2400.0,0.011581381098021828,0.024476418340737056,0.4407869625965383,0.027146845032461515,1.479919577732978,0.029515538064866332
2421.0,-0.05197401299350328,0.0252603980995962,0.29910241400457155,0.05725525909881527,2.1538125081879227,0.04664177244810922
2430.0,0.051909194667507395,0.033351730914636286,0.3368173196415724,0.0903996492279791,2.097544642857143,0.013490285549109079
2451.0,0.014133323063888816,0.01967754326219672,0.21744247294196373,0.05751057825918876,1.7706346925108136,0.010263210936158482
2452.0,-0.08099193346469119,-0.0882995462808781,0.30876941946034336,0.05597217346468614,1.8586620070212152,-0.05516409893584764
2510.0,0.024223217381594594,0.014876547362755649,0.31428138908232156,0.0329842983863798,1.8978328173374612,0.008281972265023111
2511.0,0.024825389932327288,0.029223370069230273,0.3031855647137447,0.04166216312199099,2.1005035613181597,0.01819374850870914
2520.0,-0.04010277379805331,0.01267165371510932,0.4345829509409411,0.021535448835980988,1.7639320288864662,0.011576294608731604
2522.0,-0.03506880627521801,-0.00279491133384734,0.3290895327231436,0.0659879701706405,1.4227769110764432,-0.001684381715746065
2531.0,0.02127971754495981,0.022507086070018865,0.2856527464416526,0.10269866433426265,1.2661857898175228,0.013123922645417525
2540.0,0.01307751580362945,-0.032223893197989524,0.2903017190151256,0.054706137787951734,1.6757090608033962,-0.021210068646635768
2590.0,-0.07621862961230974,0.038880769359499294,0.4269168450321057,0.09523714268568342,1.37590799031477,0.021001946521872757
2600.0,0.16499697096599747,0.04296602017577756,0.3768637309292649,0.060066659826617554,1.889835257200493,0.029984172935545284
2611.0,0.002768085099261135,-0.10652298115758707,0.524034348022473,0.09766150592240086,2.2482424068322793,0.05387807023801032
2621.0,-0.009119803637853278,0.01104153780077556,0.37799447057424945,0.05125758836399495,1.6132138460575458,0.007359944922655057
2631.0,0.044906290591946556,0.0025753779949274024,0.36997104827571614,0.04400067693349129,1.465289256198347,0.0042883617947160535
2650.0,0.043417808978700484,0.03401726438127178,0.33836545363781123,0.06690830629440495,1.8134236215611375,0.019959691416333393
2670.0,0.056278599376616376,0.03628762654744136,0.3266222076952723,0.05129163893314133,1.702633171912833,0.025002792048246597
2673.0,0.04534329850785544,0.0020064205457463887,0.42897271268057785,0.03586231159093657,1.7402880838061983,0.0011068068622025456
2711.0,0.0016656333293957601,0.013733239471677554,0.3250650841647397,0.050022777297633284,1.2171129296235679,0.026801720507730258
2721.0,0.007829465380467656,-0.004703159702133219,0.24916510402714528,0.04529616724738676,1.1680381830151416,-0.0010256916270327584
2731.0,0.07118601741369078,0.035283508059970686,0.2704679733658445,0.05756761031156096,1.573106364793702,0.029415652029815553
2732.0,0.034001285271951905,-0.05149210064365126,0.4310461956521739,0.08365243004418262,1.2574550421124517,-0.03495531281032771
2741.0,0.08206361935311413,-0.023418378399541858,0.38372821790527445,0.028959409711871754,1.265471129641552,-0.031692986984129166
2750.0,0.04659003495780682,0.007597005097188011,0.32282790475432027,0.04792540792540793,1.5656410256410256,0.007955168778774599
2761.0,0.02434077079107507,0.048089928452968694,0.27742167375546634,0.053938108062425744,2.051587301587302,0.03499381188118812
2771.0,0.06597168790888863,-0.028161592413234668,0.22512815318051138,-0.08852459016393442,1.4367222048011323,-0.029283663877200123
2780.0,0.026164936154724892,0.028670205335940772,0.3130172807745037,0.0781547494910928,1.035136815920398,0.031084471703373293
2790.0,0.09896118097320931,0.05141712559500885,0.1962377092962886,0.04352949841643956,2.765345489724722,0.03993511140798702
2800.0,-0.03173645558473863,0.029445201166414338,0.2803275168285705,0.06579995770228762,1.4809760320231482,0.028176459961499423
2810.0,0.028361873642840145,0.013592007434944238,0.3196898268493633,0.06178525362136895,1.848515406162465,0.032299101871672016
2820.0,-0.0329212351756545,0.008873773166331455,0.35501962983735275,0.046784565916398714,1.9239069349218838,0.009766054246313731
2821.0,-0.028560620389634955,-0.0492537547247425,0.4212075407949133,0.0365546916628947,1.9328603506360666,-0.0631605718100492
2833.0,0.07538171856944256,-0.058009437456185614,0.28129726336215505,0.00942503861884055,2.110550921257677,-0.0333063822018205
2834.0,0.09237068784206315,-0.2890374965229311,0.1681136543014996,-0.20298371465758036,2.3062695907695736,-0.27536880321120855
2835.0,0.05215621554081267,-0.35454214790988325,0.23903626751868867,-0.2255857528362728,1.813154139462966,-0.6317505258901934
2836.0,0.0853338126176022,-0.525517605169458,0.08796862265688671,-0.4441450024953496,4.054021533105871,-2.915476339178854
2840.0,0.008869661289421592,0.05429162357807653,0.3409850959491769,0.07755019052673898,1.138221112399119,0.03160974563613943
2842.0,0.011589228934206806,-0.03433030842978123,0.3392670866355077,0.016245605831272124,1.5675994659084957,-0.04197293499690516
2844.0,0.019606029778969733,-0.006478405315614618,0.2489754098360656,-0.017039530275549428,1.620976170568562,-0.0037083713937308893
2851.0,0.05590291044143489,0.045513209556351665,0.34188731597374333,0.0703782161453129,1.6995072739254211,0.03498101130362502
2860.0,-0.02857044472618279,-0.024232585205856288,0.3710950906274332,0.0313574586540036,1.6966865996748806,-0.01194614797392626
2870.0,0.023056202754343183,-0.03688669736017654,0.32082838113981194,0.002707530843521465,1.4362817212210373,-0.021685850293605823
2890.0,0.10611107451157553,0.0384380358070795,0.23885324474950786,0.056692642227215526,2.3448417852589527,0.03730479593216231
2891.0,0.0537915812706922,0.054809554551323435,0.40183622223602883,0.12372712655998774,1.9620215311004783,0.043749274885428305
2911.0,0.0035519971205151086,0.03851087116201769,0.2771605348945513,0.09359209655261179,1.2592743164955789,0.02741051481181908
2950.0,0.1477716027895475,0.028070306393054786,0.37255203724366126,0.06541686802782425,2.149757827365508,0.028112283032970684
2990.0,0.016025551928654663,-0.6946932148585965,0.4893503300765061,-0.14073659336691174,0.2796563812010654,-1.1187086515103737
3011.0,0.05216378919514754,0.02649850985725442,0.21743503933486447,0.10834347126229169,1.9386637258446093,0.024393768687714177
3021.0,-0.10655227507899444,0.021571201226666045,0.2841766421889146,0.09747102505344463,2.303709224942144,0.016887959257911967
3050.0,0.055413904470508445,0.006093161228253027,0.3430033137608278,0.1014118969678934,1.9818832475956163,0.0034204096149075417
3060.0,-0.00578688767680499,0.015608007411286099,0.3028455284552845,0.05154960518105842,1.6267423851316467,0.012610058676678096
3080.0,0.009728844294950922,0.005083349676623574,0.3812276898133763,0.06309690250674438,1.7229006463201504,0.004258872651356994
3081.0,0.07348280267136686,0.016442451420029897,0.4066103447603067,0.048395837757382446,2.038755137991779,0.019322507589264203
3086.0,0.06097915205354143,0.04467547063781961,0.30046424695526347,-0.024038231320347075,1.8532794348015673,0.015777576030223686
3089.0,0.0746186159628566,0.019688344310553146,0.3246249882702117,0.05281446602595675,1.6488649342905666,0.02083029021221931
3100.0,0.06921673476860872,0.044842367354584314,0.26878684897703864,0.04497754979299862,2.5382436260623233,0.040378828766142585
3140.0,0.06475981355426667,0.03839035233264331,0.177912669285271,0.0758926142466381,2.6173436893366793,0.022744277594814653
3211.0,0.21092526884303897,-0.14643881284161703,0.3828623193347219,0.0356756456848004,1.5195316112494481,-1.6583485757004242
3220.0,0.08234788758995543,-0.05678259637242241,0.389374093182281,0.03924340014608372,1.0297426771698146,-0.0612047887804303
3221.0,0.13233814156323392,0.05330464921716266,0.3760241077314248,0.037485182463047245,2.009271978021978,0.03764757618899361
3231.0,-0.00175498597288142,-0.01410995104456357,0.43885534667304005,-0.05211601403402456,1.4871790884231912,-0.010013470465849059
3241.0,0.009483937115516063,0.049689797856390994,0.2615777970225576,0.08690390565240722,2.275227843132342,0.06108724767602863
3250.0,0.06613599059380965,0.040108146494957087,0.29180300416124616,0.09750581331676146,1.9409403720101368,0.02773340788457524
3260.0,-0.04932234442309587,0.01046139332725416,0.3610770064956046,0.004666513063389916,2.2067272344682087,0.0062210201913212235
3270.0,-0.002181005710772839,0.049910530538633854,0.3228439399438127,0.1159179348390307,2.040745401162442,0.05121822116683735
3272.0,0.07256458484372864,0.05617461411644136,0.30295616022390676,0.06726121118447646,2.0036606444476677,0.05652008038443703
3281.0,0.07675044883303403,-0.3450113190878472,0.6071503680336489,-0.0954442553746844,1.8316615282180437,-0.2692177063285407
3290.0,-0.021944877795111836,-0.02843601895734597,0.25661141996155246,0.049613441285688197,1.8102351043683993,-0.011751321503392205
3310.0,-0.002318214542836593,-0.0017211703958691911,0.2434951996660637,0.011893905336844134,2.0,-0.01098901098901099
3312.0,0.037093684635125745,0.006251915943477981,0.26417093298978367,0.052779562540843615,1.8164986665461285,0.0049084227427470435
3317.0,0.029174998718145877,0.019508037042873717,0.3564954682779456,0.0735103249661217,1.993837055728362,0.015942108305768303
3320.0,0.05025430800741017,0.019216728692041378,0.316279565325865,0.07033295857476433,1.5122694366802831,0.013716878051143314
3330.0,0.058266150401177434,0.03776401349954965,0.2603456078556412,0.06523016162112624,1.6887519328669347,0.04188127956116537
3334.0,-0.03271835196636013,0.015299982721151016,0.28775075897931857,0.029499286017229506,1.5203761857604503,0.015164458650379995
3341.0,-0.07775377969762419,-0.12159210989785135,0.3635639174880006,-0.07416325976876628,1.3773106810174236,-0.04512885921146416
3350.0,-0.005913497992301758,0.04091451970732252,0.31660389079074047,0.0746326623449804,1.9902377331072714,0.03080609965404201
3357.0,0.05966046144084713,0.010257164714882598,0.3027182334710744,0.06290968324371,1.8332136187329404,0.010869012601227438
3360.0,-0.0581574164686145,-0.01576834219321266,0.42982751272906716,0.06135604926902267,1.4415121255349501,-0.00879354556257427
3390.0,0.07550644567219153,0.0552988742503065,0.27917208174900354,0.0749680589392952,1.9697038905644462,0.05194063926940639
3411.0,0.047792559952546394,0.027973677288900232,0.4728597630496208,0.07149357582149377,1.2557157566170905,0.02000598399679688
3412.0,0.05235784006414597,0.012471679580700189,0.45469120759315074,,1.7261519172500261,0.006089288645558741
3420.0,0.032164729303392675,0.03291996843227477,0.22745487844966578,0.057356542468228466,2.6632801765416163,0.028325701109385502
3430.0,-0.02136860536419217,0.050259965337954945,0.2849635615487581,0.07339815354415238,2.05532666274279,0.03859560667323859
3433.0,0.16249804187770883,-0.6711448598130841,0.24968806321918757,0.014561524390405743,1.0778475826276974,-0.4548734394685603
3440.0,0.007133192017538935,0.015755582956569394,0.28327982706510285,0.06815805382744933,1.710251827782291,0.011151515151515152
3442.0,-0.058389509828861035,-0.0014462522816683751,0.3191736521161257,0.08377920703493946,1.8639719486927233,-0.0006729286936978362
3443.0,0.02292617543736699,0.014057407364202558,0.2395695308437449,0.03363465671721048,1.7662740171670213,0.01110693949064514
3444.0,0.12673639006149492,0.0069496395883247375,0.2879866617820094,0.07840754205629652,1.837856113623582,0.0058165530965177134
3448.0,0.07354003111970907,-0.0001941822983416832,0.18127423812762755,0.02963915125095475,1.6477926388478688,-9.652509652509654e-05
3451.0,-0.0716339439743695,0.003524229074889868,0.35132158590308366,0.021421394611281813,1.99859649122807,0.0017383746197305518
3452.0,0.07290117921529632,0.05915735100999294,0.20714339595594133,0.08541113165054945,2.4865912109420303,0.042511081437019434
3460.0,0.020584304609780158,0.016799886821815095,0.29373073224120244,0.062225697905120614,1.7426201507128545,0.011032940409076084
3470.0,-0.11509374060650523,-0.24129141886151229,0.20866873065015482,0.06318493640168235,1.5208791208791208,-0.07940150838628998
3480.0,0.01778758573742907,-0.002291477618028788,0.3676603432700994,-0.012907157101706182,1.5818791946308726,-0.002004688166294801
3490.0,0.06482486092168796,0.04365565075479396,0.2550016507098052,0.05070128937403511,2.3880287832533797,0.046232936190906244
3510.0,0.044849151337421136,-0.008090456595504383,0.22848406907683252,-0.10391620332519784,1.2620311054726392,0.01532135592299427
3523.0,-0.009477029822794556,0.02759170653907496,0.3040225049614962,0.05937258755000351,1.615143559108248,0.029350332541151262
3524.0,0.11813393528969152,0.02912649444786531,0.3978512288079905,0.01361944730382453,1.6209569633787757,0.016085815360036518
3530.0,0.0005203870245193793,0.0324172614219788,0.30113956857668583,0.07167291089754031,2.016509988066751,0.022778870687190683
3531.0,0.0639692343549702,0.04103190572003449,0.2216053546412079,0.03855330835817902,1.9411045701703142,0.04169252674236063
3532.0,0.009888782334755111,-0.1491084303010436,0.19924804184600703,0.03701241904477282,1.523783164786564,0.012469617435995844
3533.0,0.06503728251864126,0.032412383088020975,0.21775236111609866,0.0878216717550887,2.2202121023081722,0.0539392313313707
3537.0,-0.0021759095081979223,0.004849425801893064,0.3178263882015243,0.006584027689571285,1.5580166762141177,0.003884297520661157
3540.0,0.012216404886562005,0.00919231995076328,0.3515956471916233,0.002753626860366261,1.812670034978624,0.007522259748234571
3541.0,-0.007936236838853914,-0.022833516306841384,0.21913418680844576,0.026592732855972117,2.114388870436768,-0.03389364555671377
3550.0,0.02477567432970688,-0.053440261744150945,0.3312011441317054,-0.04316115361758173,1.5661199899589993,-0.03523813430692866
3555.0,0.04857265254150844,-0.008156803092720651,0.20016279314482083,-0.03146507980441,2.6876194673239495,-0.008440885213431563
3559.0,0.04357848665027635,-0.019271719013805467,0.170801908693414,0.012231162330210807,2.389650667330778,-0.02393786329951231
3560.0,0.034362258624072335,0.046217195523944855,0.27422228537699755,0.06517926336827508,2.1210390707188513,0.03859042553191489
3561.0,0.05772760646108658,0.06254967370794293,0.22214471933235383,0.09342421209553961,2.3473131934233393,0.07012955369038794
3562.0,0.05893164851208287,0.04004731029879404,0.2531597568392064,0.06502104007445958,2.9843505563217803,0.04993080845506733
3564.0,0.005378861280135573,-0.03373116457379444,0.24373791590389934,0.0018936602361203112,1.7097053726169846,-0.020144306158588157
3567.0,0.029521482074285774,-0.32659427743664343,0.4211270183938759,-0.18580426356589147,1.1056939208593235,-0.21804884790216972
3569.0,0.12921183444323867,0.013110846245530394,0.1892884530007668,-0.02379517098405933,1.610188049636762,0.02978706993381187
3570.0,0.048201539938090905,0.031003744584159346,0.19155020207240123,0.0848365292923248,1.921880946031617,0.03917507977749374
3571.0,-0.020040899795500958,-0.1435709526982012,0.17802732642145558,-0.043100695578536206,1.8285992929416068,-0.1248703288219826
3572.0,0.006756756756756679,-0.15981472229514027,0.18609849978254772,0.0056074923950608525,1.9055007052186177,-0.12033678756476683
3575.0,-0.042690720520030694,-0.15204918032786885,0.3722554890219561,-0.055191669605395066,1.3157894736842104,-0.09064233843329367
3576.0,-0.016246953696181978,-0.14658042423665937,0.00909090909090909,-0.007434419959980131,2.563985662393062,-0.1838074398249453
3577.0,0.02270820188110497,-0.1801532674143694,0.1749640330895576,-0.05545769107572361,1.659826319780482,-0.14419025719413459
3578.0,0.0,-0.023908192540643927,0.2823526359485264,0.012189911232376576,1.3729949614015626,-0.022418173666118667
3579.0,0.06212811076326259,0.030344672223473753,0.2750364669785222,0.009613174364290083,1.922430238647415,0.02461503116090244
3580.0,0.07977981157256132,-0.07054000210949556,0.3326692073906121,-0.10733793194218436,1.3339261333478287,-0.04646017699115044
3585.0,0.0594255411047656,0.02728389948234396,0.3631871525633107,0.04654286823769846,1.7765468010674932,0.02239048772390685
3590.0,0.039202591244531994,0.00043826362091265727,0.32313937487464234,0.011975879566506894,1.5086372360844529,0.014095514556061072
3600.0,0.005296667591323013,-0.07889882053998036,0.21999733374183345,-0.002247313752638866,1.3681137651140496,-0.07350076645451059
3612.0,0.0548025217010447,0.017355550746591647,0.20758776414451258,-0.050330368487928843,2.427815175478727,0.020375964641491127
3613.0,0.032609017875670755,0.05402555647896924,0.18762240878203895,0.11573488727292107,2.233274274224554,0.036246340661784296
3620.0,0.12668315264102292,-0.08328233300586324,0.30725960535679747,-0.03857266864410197,1.4769692934637555,-0.06043775149824976
3621.0,0.05378504150112935,0.017782493292360563,0.2971224057009359,0.06422153483576373,2.1539662195963256,0.011986402117925246
3630.0,0.007085390815740028,0.019035232472806675,0.29879125622210534,0.04155929202116895,1.8574414490151492,0.013171751457101755
3634.0,-0.012240822325700194,0.023670542492096783,0.2534391083936253,0.021215527723714562,1.985886316840332,0.011528882555365397
3640.0,0.015625891074992924,0.0024554767333125316,0.23464994515841975,0.020880898255856956,1.830865961126713,0.017925185397631827
3651.0,0.03696240980393144,-0.05894216357598378,0.27173159744567105,-0.05427592013471253,1.722388938738126,-0.04236473134729601
3652.0,-0.020646364931590895,-0.0024266490183101697,0.27781768760314535,0.0465088301267731,1.179869465062708,-0.0022756920177351087
3661.0,-0.03526007691813078,-0.057618857544224446,0.09454133792528073,-0.031670107661647025,2.1554271965246055,-0.04848319771202887
3663.0,-0.00020574592248981895,-0.1199847153228888,0.1839522408182222,-0.06520349456637545,1.8154141741345944,-0.13683460003944234
3669.0,-0.0024545454545454957,-0.060028850483983126,0.2270800144446486,-0.03412749517063748,1.797122489137415,-0.04766664472611543
3670.0,0.09226856561546287,0.03129920283525034,0.28031449192688307,0.023896986879326964,1.9458409228901035,0.03237126168673085
3672.0,0.030022889900310337,3.753941638720657e-05,0.26808366258012656,0.059836415723205166,1.6053571428571427,-0.001503428645361625
3674.0,0.05991735537190083,-0.044952473682950383,0.12996777658431796,0.029180011011289263,2.590696622020607,-0.04206420501592026
3677.0,0.07852312372889755,0.008815643905253197,0.3097748872850072,0.043053559667977984,2.6371931079740785,0.026600753295668553
3678.0,0.07700940518121965,0.020970798577969595,0.33936955063715624,0.09473456729796433,2.400943396226415,0.014089088391371827
3679.0,0.05956682305042982,-0.00040617384240454913,0.24820013337995045,0.03080560079733573,2.013099834528406,0.011785727863741779
3690.0,0.05527502354796829,-0.14315414315414315,0.23467965940310637,-0.08297858182983105,2.0246180598683394,-0.10046060752024567
3695.0,0.11751515151515152,0.011019230006575042,0.2833026888667627,0.00962321186843742,1.3809938776576405,0.012785459968865105
3711.0,0.07517573354042256,-0.11467084698384333,0.3454002745003839,-0.052408503767491926,1.1491309323406447,-0.0844884684746185
3713.0,0.031123139377537173,0.028875097551005237,0.27038559804195206,0.053015025828600175,1.9107981220657277,0.015997385710014717
3714.0,0.05137019092308154,0.012341290844728233,0.3219542987797748,0.04711779448621554,1.6806844990647727,0.014206352571985922
3715.0,0.0760224339699162,0.03791705787822758,0.4721342167102427,0.009960885635952085,1.32481180588819,0.016935949008805323
3716.0,-0.15140058747764526,-0.11829833998365327,0.37334429315483764,-0.037571667765995236,1.3017898572112274,-0.06882468480098941
3720.0,0.12775869562373451,-0.08586817265606271,0.26840800589690583,-0.0017766942770944486,0.9137986026987555,-0.35247864232829396
3721.0,0.0477838485313323,-0.15928851026873608,0.23697065471419582,-0.10392609699769052,1.17016383194487,-0.11762998287464901
3724.0,0.14923766871874172,0.05957103439625583,0.25675148845101314,0.06176678610466509,1.8274581732474524,0.05310937404540691
3728.0,0.0860938578329882,0.032053233922484256,0.3286657357869399,0.03861120571273556,2.0650590907549273,0.03528752720011363
3730.0,0.08308174395130921,0.024811261357708336,0.30717143945136355,-0.0058805637230051715,1.6504019418283868,0.016229719805043064
3743.0,0.009737827715355897,0.05301554216321537,0.2675717477229764,0.06093198183736182,2.2372522259049847,0.06298993889266095
3751.0,0.053241777385986275,-0.1263000188076068,0.46630804026202494,-0.09180523737665638,1.2255327355124868,-0.08228779796069957
3760.0,0.061084316072179054,-0.008502553880652798,0.23216543654391006,-0.03927439800119685,2.043623693379791,-0.0028287256121582137
3790.0,-0.04965315808689306,-0.09512230010012875,0.276115868099836,0.005325776657387742,1.5684129155021704,-0.060574825610662325
3812.0,0.1154959221257564,0.04553868304835111,0.17397481229963296,0.06132867293673972,2.147286821705426,0.038630377524143986
3821.0,0.07873363720395744,-0.004555230438354394,0.44733562864026133,0.06519110965715429,2.179471833620109,0.011074001744776827
3822.0,0.04972905636873257,0.016183841351421625,0.24296241249181702,0.0842717762784034,2.1660107832451523,0.01092460271109678
3823.0,0.058360863152009126,0.02353991035786846,0.1758124929663598,0.044019190966976526,2.527970743178635,0.029288878096657926
3824.0,0.0271376000850157,0.03527696474137039,0.2950689725710443,0.03493600628419436,1.8633757826513182,0.04833875980464703
3825.0,0.0014149256908484965,-0.001029370248056018,0.148363302717491,0.026253039247359847,2.1993567333240107,0.0004215851602023609
3826.0,0.039016218218118764,-0.0013778959848751882,0.2305992489791043,0.009042418084836171,2.606031789159082,0.0033995188240673337
3827.0,0.07373130292639155,-0.012002465371265448,0.18631757171251195,0.04039440749176499,2.188023340229023,-0.0035115615715492834
3829.0,0.04666233828692349,-0.03612686701707185,0.1648160621805848,-0.02564102564102564,2.724612939608326,-0.028200007491145977
3841.0,0.15130568356374802,-0.21006573123056071,0.1954925339870738,-0.17797914173362966,2.6547754298265547,-0.22922851452406898
3842.0,0.10380971044432155,-0.10010297083799237,0.24086851122412378,-0.01964892932634868,2.442984373252099,-0.08746580864454516
3843.0,0.011737898456164384,-0.010222804718217562,0.24474461043027101,0.013583699560527365,2.376964578935022,-0.010764559757107368
3844.0,0.01741805820906628,-0.06348202998013364,0.16216216216216217,0.0030105368790767687,2.1479253898718045,-0.033997630532283996
3845.0,0.0919892893004575,-0.28130360205831906,0.15546636479023018,-0.15258587998393242,2.541494118840582,-0.2580903913078325
3851.0,0.06048575602769454,0.009585159026378826,0.2678086324262852,0.060358046619843314,1.8547846121112648,0.007045779803952218
3861.0,0.01662167490673062,-0.0866441663641043,0.297159752881108,-0.005661926556458107,1.5276023070585005,-0.0637954394764911
3873.0,0.03137202100444332,-0.010156971375807941,0.3240624247129052,0.03347893325272575,1.896529480067088,-0.010052219321148824
3910.0,-0.041039188861446294,-0.12568558083178424,0.6171014371921326,-0.045065459697206885,1.2781735284707532,-0.08444789358699589
3911.0,0.04008922822091464,0.018352004989973383,0.29728536530329935,-0.03417893678670687,1.8462264150943395,0.02053316628384492
3931.0,-0.07029688105002806,-0.08166946824648437,0.4476284584980237,-0.045724986452365765,2.0649962556165753,-0.05982341281758664
3942.0,-0.02188927578826303,-0.09830218582265328,0.35831380049179623,0.05403578286121912,1.400787188620291,-0.07416795032861379
3944.0,-0.05162270183852917,-0.05348440545808967,0.24582601054481548,0.00355125825669197,1.8168406411624107,-0.05180099292278441
3949.0,0.01743836015021446,-0.09284714528651995,0.3566532734578114,-0.008607218792427698,1.5081923416259877,-0.058315175110973436
3950.0,0.042333071366861874,0.02661102800665366,0.1713220305798291,0.16177026011259454,2.160853671676845,0.02651717969012391
3960.0,-0.0464364615251616,0.015372441510327451,0.6533155890658624,0.07170850789040764,2.213872029945152,0.015759701009622158
3990.0,0.02795779084443166,-0.09382151029748283,0.22292751047353054,-0.01896574799448044,1.669614073869393,-0.07692378223495702
4011.0,0.024941187718827546,0.035240923592356456,0.29854559271272424,0.07828650928669749,0.8890753090090473,0.07754691896237208
4013.0,0.12407325445500744,-0.018643297978433587,0.47595692504531395,0.021753786171572947,1.1805232721215033,-0.10934962493233315
4100.0,0.11271303681190503,0.006295028769678262,0.34891273651510873,0.04236361801596448,1.3721592425382017,0.0043758170583960195
4210.0,0.07969351136400374,0.022469644741827964,0.30406164031834904,0.031462252029548346,1.2569636666831179,0.011298747538116936
4213.0,0.024485999266337096,0.005302521526024023,0.39840065001267483,0.09678295595464914,1.025011085245538,0.003403225660677767
4220.0,0.11285487262669415,0.029251381966311545,0.42697433796781525,0.07286096256684492,0.9958837209624438,0.03581818863612299
4400.0,0.00516086018451935,0.013600631370792893,0.4701406839554671,0.07517272759625211,0.8855698529411764,0.03455086607889798
4412.0,-0.024447942887450193,0.022889964480539437,0.4373661341887677,0.06684224132359594,1.128615779675262,0.09879792173029615
4512.0,0.049800969067941035,-0.021334999756001023,0.4429898695800186,0.04344535318310476,0.7371331919897643,-0.025630345041732106
4513.0,0.04049117983943189,0.015937904204783845,0.28113063748905043,0.11862998367870654,1.5791362841602472,0.013338094837452468
4522.0,0.05299998375122128,-0.012656988440940976,0.38581408322475974,-0.015067781399083652,0.9359367680746953,-0.009335027623342443
4581.0,0.14198262243285945,0.033491317775361795,0.3723845764098148,0.013304886477128313,1.406621624465913,0.03790959267798505
4610.0,0.006572980749040569,0.06327069571604789,0.5271774537171016,0.11865704199420439,1.230031948881789,0.23197018533440772
4700.0,0.07579466224909163,0.0020776213891160267,0.17843793035608893,0.04739625711960944,1.2771039457617277,0.01854063327850542
4731.0,0.07222844707364248,0.010164429780491275,0.1520477283443275,0.011864191369502704,1.331266944724256,0.002895509861519094
4812.0,0.09303729033396801,-0.02395644283121597,0.4524516499385138,0.054787595782828005,0.9373427225265532,-0.06023528064392597
4813.0,0.0409443777626355,0.01331471314062709,0.3477725674091442,0.08927891927165499,0.9065192447455737,0.02101124139210575
4822.0,-0.00967479022470343,-0.36341800214442777,0.4826032555783466,-0.07220012385923186,0.8974072652459805,-0.4964671060530613
4832.0,0.13496022650667386,-0.012519162767549103,0.47718015827538673,0.024546991785817335,1.4911795681937863,-0.026813498367956462
4833.0,0.07656029953736879,0.023382183303949908,0.4006269642859632,0.03485087648627979,1.6842559061907227,0.05194079444192721
4841.0,0.08000000000000007,-0.018829770151016063,0.5142198143038118,0.04951071558885295,0.7824099325070889,-0.056119363569830556
4888.0,0.03353728615054564,0.0758138392405612,0.22997357149366626,0.0869135921394856,1.2400629183035419,0.1313635160180037
4899.0,0.07790566515099792,-0.09504135843029335,0.4345486582267245,0.002858994573251389,0.8212370274979168,-0.14955925183166466
4900.0,10.823700751188106,-0.016467186562191413,0.23620217628441229,-0.019371701411738922,2.3339345192209793,-0.30984363249747165
4911.0,0.05341323606044815,0.02875101096164883,0.35280598656668405,0.06199058768605063,0.905950973578449,0.09303753078885517
4922.0,0.03254010006467374,0.03208558714262848,0.3641896918371795,0.08494262524489225,0.9335530502341219,0.051984755203752564
4923.0,0.07344456572586945,0.034919852092156325,0.33692822593807054,0.0731374483156921,0.7606405506977542,0.08012783265543288
4924.0,0.03763785129847036,0.030886527612785947,0.3577448236015557,0.06133026229489011,0.8287051482059282,0.047614621144713626
4931.0,0.08222811671087533,0.02904645476772616,0.3672178738468951,0.06533844999711466,0.8136531365313653,0.10653522710076314
4932.0,0.06486523469282089,0.024150990276425477,0.4413145471915699,0.06640414830661498,0.7050876147666005,0.0722240917105403
4941.0,0.06967969333506147,0.029458589371526595,0.36506639663068746,0.05191199827175608,0.6971775344029146,0.13880019962600187
4950.0,-0.007380149308196219,-0.21988820912816076,0.45212846508260984,-0.17224015015209132,1.1525851378089904,-0.3935807781961628
4953.0,0.03796524619706836,-0.00483065501021753,0.39946415012173264,0.06580989072626706,0.8766443555913673,0.00010926538678580292
4955.0,0.04886193434331039,-0.07101333546993119,0.3205042737557483,0.000919177922593399,1.0649588636173006,-0.03639743812162625
4961.0,-0.09679923715011438,0.010656549242095756,0.5598683644079037,0.06706589020721108,0.7851356282690671,0.047278526692833375
4991.0,0.08277268093781849,-0.009626538219910767,0.5728770797552596,0.0176593925822833,0.9792733246733399,0.015248638456389923
5000.0,0.045083876980428705,0.09586426299045599,0.0874547289675236,0.14170415773241984,2.042997542997543,0.06167736757624397
5010.0,0.10451834630546852,0.005837771405161819,0.27570913300975197,0.025031127490669484,1.672935926043991,0.005768925314648888
5013.0,0.030446034404018905,0.0002020610224287735,0.33323323174103675,0.031052490815163074,1.88788439226678,0.0001371436408208047
5020.0,-0.0057910143820797426,-0.06280590436780203,0.45795313680721433,0.026451949251309247,1.1688515507379273,-0.03498929956888973
5030.0,0.07789490505230215,0.03917850485312078,0.35179263463289645,0.032959439480619655,1.9699932528093962,0.01708351044885861
5031.0,0.05391447098094631,0.028067065713408293,0.2685182180980501,0.052992360286176314,2.2983530771453338,0.007253369284682047
5040.0,0.001880447195977577,-0.004696949801132866,0.30146394853674247,0.04567860508770385,1.3840019935210566,-0.00190403097271661
5045.0,0.009547072816386464,-0.04316660264654724,0.22704383951315882,-0.0004263929342084357,1.407109141248185,-0.022502906146175203
5047.0,0.049586614261133144,0.00964630225080386,0.2633795601388047,0.0307356551786851,1.5298308103294744,0.005847953216374269
5050.0,0.3832792207792209,0.042438484932264306,0.3370196295272325,,1.4983697015299724,0.01801431756836052
5051.0,-0.013291747329174741,0.01588898792948762,0.3811267605633803,0.06663514160328014,1.9055848310901067,0.008828715054658109
5063.0,0.06582410645454181,0.03881199643526181,0.26776272905048165,-0.018544479809625126,1.774276049830872,0.014674426739549995
5064.0,0.024980527611354126,-0.07419884963023829,0.5710353327855382,0.09609695973705834,1.0772701635645798,-0.029115883149545368
5065.0,0.0700119064149366,0.003351646453128779,0.26093842803405265,-0.014058085522379377,1.8589516587044397,0.0013440487737286962
5070.0,0.05318895925987079,0.04196884825268332,0.3142112429471976,0.04265752908913249,2.0283198663487054,0.01903840735208204
5072.0,-0.014195955232672183,0.01676528599605523,0.3999945228288494,0.022433187112526252,2.480614017163874,0.006305573578732853
5080.0,0.09199170688241867,0.024749655925205255,0.3125593667546174,0.04521229146215187,1.9259825945257099,0.01914082206773893
5082.0,-0.13743891603731673,-0.0410204814947898,0.6571249477643126,0.10949503647983803,1.2427671718165714,-0.08932089846315514
5084.0,0.031061219240800325,-0.036830683148139476,0.16011015982575297,0.07685322607933968,1.471360425988241,-0.03156028368794326
5090.0,0.05623358174459103,-0.05726982043975406,0.37328067943195253,0.0022688183847476852,1.2728008446643049,-0.0290919102464094
5093.0,-0.0541388191226819,-0.18366341544676168,0.5402554063356729,-0.07079196454540491,0.3285576212405481,-0.0972767291831283
5094.0,-0.06351653024343576,-0.005186041086898736,0.40393772715787835,0.03670583413861776,1.652343192612675,-0.002383790226460072
5099.0,-0.033645226686827366,-0.019552706895399667,0.4018456161542051,0.06418574136171454,1.3181648286009717,-0.012351410653382015
5110.0,0.07872497898320265,0.02440672826953432,0.27283249712145485,0.05381939026310286,1.6095219170464312,0.009935969613621365
5122.0,0.060089859121962644,-0.002867155144950621,0.2546719504446149,-0.042196907979455904,1.4139830897895413,-0.0010183160196828868
5130.0,-0.07099284216887947,-0.05501432664756447,0.16045847744736752,0.056566409160425074,2.6439090385606967,-0.02785293212408499
5140.0,0.08457096371033426,0.005193918663233733,0.37964942283026937,0.030717463382911533,1.2288375891023073,0.0014481333986413102
5141.0,0.014553799044733896,0.013851147657577039,0.4039032395832699,0.02784270952841355,1.4237942517739304,0.0029949434871073093
5150.0,-0.0594186055999532,0.02873771081850336,0.32575892056805933,0.012707273911920393,1.4985685592003872,0.008694125349897828
5160.0,0.06272661231371889,-0.11259152690321032,0.283443941102207,0.016730470324103394,1.567951151085073,-0.062533470953949
5171.0,0.07766655160510874,0.012023520463388235,0.44494140927923675,0.06868779481248836,0.9597270980907391,0.01359489403497365
5172.0,0.12860167047213764,0.012182003354921249,0.3739758172973909,0.06572153082257276,1.173738978195305,0.005427692808228821
5180.0,0.21062878611057312,-0.41668028679536123,0.1144881663772041,-0.09581810715389415,1.7271788694361954,-0.7002400075925088
5190.0,0.05740985312362443,-0.001961211592939638,0.2928326597431831,0.0034564808701209016,1.5210580586754197,-0.0014732362088721556
5200.0,0.005464099407262555,-0.06489709579732636,0.4725937224520427,0.03663352500634022,1.2324750494015868,-0.028588188156283285
5211.0,0.0071394469588504355,-0.025870232072100784,0.332541665816122,0.05882091421536715,1.671490593342981,-0.01376690382996055
5271.0,-0.03329330703033413,-0.0005031331473265334,0.6187622924575766,0.5757679986270416,1.0005336859256087,-0.0017222483168936903
5311.0,0.03726480802897687,0.011009725636981315,0.330731521658456,0.04726060902531491,1.9481660535995795,0.007489979994503924
5331.0,-0.005947697292293402,0.007972448281739548,0.2922498019540533,0.039685887410643085,1.5383963383624342,0.00358715092642804
5399.0,0.06058035432016188,-0.0006880386130698598,0.24524944311073404,0.06280490478456528,1.480635342047731,-0.00018089561038999195
5400.0,0.06205458665740361,-0.0518230024657525,0.3502331714269692,0.04828496579290471,1.2218632629335402,-0.0387080897568943
5411.0,0.03214744153404405,0.015438123292046704,0.3725846767063187,0.05542944014395969,1.1280921882812314,0.00419912448086205
5412.0,0.06754142588456485,0.018464300391599745,0.36011160641449647,0.07937876313650777,1.038022338529716,0.006864214052925151
5500.0,0.02156469046445365,0.007627379662858745,0.5260402595995951,0.03860999372195224,1.0855090518726642,0.003474887960683531
5531.0,0.06424959447236335,0.005925129590286314,0.44806172813074263,0.020645201577791577,1.4813407924768378,0.00528367069106324
5600.0,0.008735569586928614,-0.03143230092876079,0.3047897363316699,0.012111013144880122,1.5750582233558832,-0.015316260072855727
5621.0,0.034136874032750175,0.015263326806171195,0.14549919199468125,0.06495047963730469,1.5751197990331636,0.006314878759561993
5651.0,0.04215531456795152,0.013679301998129178,0.3868861832040983,0.03993185866286687,1.5453705085189788,0.008044318525119581
5661.0,0.01291740536816077,0.015439348393607139,0.3090719063893029,0.05640693087455388,2.1557932734636376,0.006642486313956399
5700.0,-0.032726897988643665,-0.10290946061017724,0.3793541084396689,0.043857684330557256,1.4118919222559263,-0.05241073046945804
5712.0,0.058318644702434565,0.01979791706497392,0.4155007059094138,0.059173624491543564,1.2947880595678631,0.012956924773834035
5731.0,-0.018517800034873296,-0.08539855256238103,0.29297739167970643,-0.01445518698105135,1.4922394678492241,-0.027999518366855474
5734.0,0.18207898879331427,-0.037986771304090935,0.39594903816748683,0.03678822776711452,1.255968414100645,-0.012844777207789822
5735.0,-0.10281016871072386,-0.1441874707927976,0.20820721753771937,0.022002199447469582,1.2589945422173479,-0.05309725489378799
5810.0,-0.05871514423310538,-0.19909560162417622,0.5244680922192642,-0.0629150612841935,0.4751527117253266,-0.1581173261925079
5812.0,0.0267782508807169,-0.008137802086772967,0.4044917818510995,0.06539619680643478,0.6963391247101927,-0.0065361398452137565
5900.0,0.01923076923076922,-0.010393186190307555,0.459040216137042,0.06984377727501678,0.9134814877766502,-0.009009471113771601
5912.0,0.07642980360147011,0.00761184890260371,0.2945140588125681,0.03172831203765972,1.6730613073487615,0.003196602869010856
5940.0,0.028779895907623844,-0.017888613522966168,0.30041934586795294,0.05214404418299603,1.5121255107052098,-0.00939015232269163
5944.0,0.013813683170156861,0.007563208153629387,0.30018028273726255,0.0032532244480103813,1.638177533907454,0.005061943378123735
5945.0,0.07558048714424315,-0.04195742226184001,0.13603491380932253,0.015009096422073985,1.5499476816564925,-0.026751682518068847
5960.0,0.08204846083065977,0.0012601033284729349,0.2872862764216318,-0.07553359981899088,1.172528201725282,0.0010199026721450012
5961.0,0.05017195536576574,-0.12890870257311246,0.154534032961348,-0.0325048708597692,1.4201637928665494,-0.0679698614257864
5990.0,0.04927200467716805,-0.04634672653989519,0.2989319609711927,0.018278424603028857,1.5599283154121864,-0.021388891670748332
6020.0,0.06952571225013232,0.008616596081589002,0.06811053024645257,0.011224872519540817,1.7458745874587458,0.13692587404250245
6021.0,0.05184713406363331,0.01124259661259484,0.16689173784177205,0.013138582386523675,,0.135626296753169
6022.0,0.1163595850886448,0.009008921407811352,0.11502339129172659,0.012367984269998834,,0.12125854086122657
6035.0,0.04023672716935298,0.006601260098286528,0.13385813438637306,0.009127004131303608,,0.10526315789473685
6036.0,0.050946080305927406,0.007716440589168867,0.0937294514136906,0.00914929391439844,,0.1302804464538005
6099.0,0.06282438141219066,0.018368360086049976,0.2647522830011225,0.049034883948783616,1.3699392162558386,0.024132644369996025
6111.0,0.04441108429117015,0.0033268960226870035,0.9388878617941291,0.005538944155388927,,0.09029475920768926
6141.0,0.07458267716535433,0.013817768809733818,0.6850429975842965,0.0385384611132643,2.1632316361486126,0.08573596358118361
6153.0,0.008957734119826444,0.015414161413841554,0.6758268882672371,0.015553194807876775,1.4506167853457006,0.13770058211616348
6159.0,0.01943019910076066,0.007596550026953332,0.6795281581951973,0.0165916593034877,1.3953036352174826,0.09503575022430823
6162.0,0.10823700295553935,0.0014718563559303008,0.698656149576395,-0.0647112136442284,0.9388478944481391,0.0052854410757432226
6163.0,-0.01132753172013782,-0.2115768325711495,0.37486735421734063,0.047057190449750146,1.3252982473266146,-0.9055201722029271
6172.0,0.06228089803833814,0.015273184522476302,0.6260933728612301,0.02759490170241494,1.602537518979559,0.103238160754398
6199.0,0.0418375717801476,0.025954242885878505,0.17951282818401298,0.013083850599364006,2.3366373261895648,0.09580218592909737
6200.0,0.11138014527845036,0.011269863905849435,0.14503417362034465,0.03405728812816411,1.1953908781504192,0.04136969686713467
6211.0,0.07929350131568562,0.0014470680404650017,0.18357508434440067,0.004450135709634439,1.4301287596387002,0.012589605749653583
6282.0,0.05303034814058297,0.028502761018492345,0.09542818662351767,0.04980562203661795,1.7456178914825426,0.09710596745930332
6311.0,0.05979005020538567,0.006951515082864355,0.017804052991675687,0.016260812681161474,0.020833333333333332,0.0789127039647419
6321.0,0.027151849993999645,0.012110990199022243,0.06887904371813092,0.016582495769266882,0.9487550556936051,0.051098631724383836
6324.0,0.1954372573566704,0.04130519667928628,0.12375252380173254,0.06362470565054057,1.3380356072320105,0.028434400502197112
6331.0,0.04679376083188908,0.02033906045843166,0.05485371671411576,0.03156779439389207,1.8809637781035793,0.07069651643620567
6351.0,0.052894698409358065,0.02947006050490298,0.051212192598813926,0.02007432552404117,0.7500500700981374,0.16376115751705791
6361.0,0.12713678227174957,0.03831460120279996,0.15037496432000416,0.060910621270736306,0.7747609942638625,0.05043937615903595
6399.0,-0.009904531743140871,-1.013640489139735,0.03169531821714343,-0.3799022682703572,1.2075829473636368,0.013501655312807222
6411.0,0.08027591817044592,0.02114200806622798,0.12066843283566007,0.027749470079895644,1.1923319991573627,0.028174862733722272
6500.0,0.1527041357370095,0.0165885189944058,0.30653283590386193,0.00023449874786517647,1.4483177456577188,0.06220095693779905
6510.0,-0.05720737674068494,-0.024730394080201043,0.4716985317059312,0.00551873095442715,0.7473443334792957,-0.10030395136778114
6512.0,-0.018949085084810257,0.007926928135190156,0.4847844191897257,0.014086922513037541,1.063598285556403,0.05137838321013523
6513.0,0.06726907630522083,0.011934751677613285,0.5800455874643752,0.042643100905003395,0.48529503612669056,0.07645194945708875
6519.0,-0.003324468085106386,0.002826261493671628,0.2356093097729742,0.026556543753606603,0.5336569579288026,-0.05084745762711865
6531.0,0.05612493708877306,-0.03174866639404897,0.30932120818447545,-0.002493281027614276,1.1513179879504374,-0.0047595389319765626
6532.0,-0.1578004478726051,-0.025929102746178833,0.4817987152034261,0.0049101771843765366,0.6447069513857338,-0.032125550755584625
6552.0,-0.01638312377337502,-0.02996177258974039,0.43363130692381535,-0.046485161660932986,1.1153799213333662,-0.05579012554185666
6722.0,0.022803066395253247,0.6564726293145633,0.25611437614218635,0.3629982680265247,1.1942581848081621,-0.02212909353745357
6726.0,0.4960360640447691,0.03963765353881866,0.40805899035734544,0.01831992390449602,1.551810641310945,0.34268495428096424
6792.0,-0.04113224237063245,0.021847840593482562,0.0,0.09243618124000773,1.6220569388428034,0.2512437207270609
6794.0,-0.003357143485533294,-0.08888744391702971,0.25369013912292565,-0.008643781422566554,0.962253829321663,-0.09254327563249003
6795.0,-0.05192541334319373,0.007168458781362006,0.050025054619069566,-0.01744217284840726,1.6848484848484848,0.5058164341031107
6797.0,-0.03899314417254667,0.021946333461283593,0.5106461515582843,0.04324151185137732,0.20907909209079095,0.1972836856010568
6798.0,0.042238385088895734,0.016313832612489566,0.5211231313993017,0.04686178665961519,0.586882203867452,0.14387067449259897
6799.0,-0.08821303633897346,-0.0018164214963972455,0.03026004728132388,-0.00044422158230271154,2.0307692307692307,0.06685152250714989
7000.0,0.06724714215496094,-0.0662856971911461,0.4995417729080387,0.0033002831357588323,0.6709847158324466,-0.09530595453263677
7011.0,0.04534654195368165,0.014366306944279735,0.5446191396276555,0.05504962819292515,0.9418167929212553,0.026265290024840772
7200.0,0.03441396508728192,0.010737178289475322,0.2850031415645745,0.047817254530955144,0.9768230638778972,0.009161381254404511
7310.0,0.17800147090300134,-0.10988717626997607,0.11610942249240122,0.019909307319938226,1.4040669856459331,-0.09616201308856502
7311.0,0.08755263157894733,0.0029516686914797434,0.1323109490585341,0.026328647985992267,1.0619257822994175,0.009239802755248968
7320.0,0.0071509161118084785,0.03108797119727495,0.16376895547496806,0.0247011760958331,1.4088740787776586,0.018712728768250052
7323.0,0.07939189189189189,0.040979402316227084,0.4090249780143221,0.0888696919795913,1.3020037480178752,0.0726827276439363
7330.0,0.1650231936122989,-0.4056603773584906,0.37662922210307725,-0.007063623183519337,1.0500510783746515,-0.3578715352871587
7331.0,0.15071372507283598,-0.012786314234695003,0.14197639598379427,0.06953112613326798,2.190046683695939,-0.005082408974117943
7340.0,0.10987727476076431,0.02729955342349024,0.3213587626909574,0.05061087335877915,1.2464393880562241,0.016054939445965383
7350.0,0.08667780410150142,0.0021384791368029158,0.717745875562823,0.09320325817278935,0.9447499345378372,0.008570485118968216
7359.0,0.034311503319330756,0.019066639624321452,0.4995237642477409,0.07235361183383518,1.2403701967588545,0.07179805581979495
7361.0,0.08907830045444318,-0.05225600763041923,0.16220165611300538,-0.002068061976894009,1.6949503273126558,-0.04881869809125572
7363.0,0.03510104847287646,-0.013999098638511783,0.2274426169422811,0.05583250249252244,1.4962917459508862,-0.004746697928491241
7370.0,0.09182644198608109,-0.11120489984368662,0.1427395350298324,0.004891182167331176,1.4000114207400638,-0.12767420957518913
7371.0,0.06522138044931448,-0.10764918551385069,0.06245100800413768,-0.05411470183337458,1.6960462521809774,-0.17732757020207263
7372.0,0.09322920468092355,-0.10451731254299472,0.04676484190486123,-0.013140124579681386,1.5990809879379664,-0.12179613641234423
7373.0,0.03882966306124037,-0.06494152658622213,0.1358077700837799,0.007377963695416457,1.5850282529096367,-0.05245941937428098
7374.0,0.05175819834057676,0.008066299395808513,0.30148141548524304,0.0786345221975795,1.3066361556064072,0.01744855967078189
7377.0,-0.11016949152542367,0.0046559541317357156,0.12437810945273632,0.20107528680102701,3.0007208939084467,0.010147426366260284
7380.0,0.047847727142262673,-0.024688450710582146,0.4788780146542201,0.020164056093655472,0.9605525685278689,-0.04598652875381072
7381.0,0.05640087181806971,0.011207089574224872,0.3991853360488798,0.0741943278262708,1.5034893056384708,0.00434440454852262
7384.0,0.0005538846701339533,0.004407485037215153,0.3114514609559852,-0.22098712055704728,1.4931678189461393,0.0018262627890567621
7385.0,0.11060756788622389,-0.09454855195911414,0.286096776283117,-0.017020941598455262,0.9963939229359229,-0.05902252132025894
7389.0,0.06085192697768768,-0.025313324538258575,0.2418171324923737,0.03396925551309969,1.2867170510087633,-0.020525600546713388
7500.0,0.06396470848338504,-0.005073280721533258,0.5080244554833778,0.005620747020020263,1.0959653748569724,-0.009717930569022504
7510.0,0.08212631786382904,0.00968429207824908,0.7539434030406464,0.11015390865699096,0.7890348773400804,0.018509378084896347
7600.0,-0.01033565543471953,-0.09849586529342275,0.37837716772253155,-0.050112191473448024,1.295917999061609,-0.06257194459475919
7812.0,-0.017633797430601054,-0.14297985141699945,0.36810424190921326,-0.0635870762730385,1.043617891102901,-0.18285376121948554
7819.0,-0.023975453313965844,-0.14813505375371544,0.5406215771255731,0.031876527782345135,0.8830507546584417,-0.060129791117420395
7822.0,0.041216913549472586,-0.03352482208694161,0.32980271668822764,0.006811989100817439,1.1058806446928997,-0.017535605423657383
7829.0,-0.21130903742441579,-0.6582542694497154,0.405123339658444,0.34155597722960157,0.4449029126213592,-0.7188147534189806
7830.0,0.036405192905467176,-0.08415795676339399,0.5038138343181455,-0.002613457662655471,0.5978326481509078,-0.11929700998588266
7841.0,0.05129383998926422,-0.22589171894918392,0.30533732282967174,0.14662714516626235,0.5283178360101437,-0.08269818249143704
7900.0,0.06175519070715854,-0.13217378079668557,0.36644548765128304,-0.05292642193968634,0.8476298172641588,-0.1667220192627034
7948.0,0.023617458182696963,0.036043642031432656,0.18729310973330274,0.05650084426548902,1.1766454102328725,0.03800889714867506
7990.0,0.034171369559289747,-0.0025919884422810446,0.5170666035748773,0.0626651339343003,0.9288758236441056,0.0025514769929560937
7996.0,0.03707789528110884,-0.01864253542340825,0.5108193264440575,0.09699081717405372,0.7126204439633802,-0.1049453813789819
7997.0,0.07025103159123769,-0.05219322598556358,0.5086161879895561,0.025867781820349073,0.5597169571512252,-0.16792698826597133
8000.0,0.07847986502471775,-0.04056530608204406,0.33170878220109457,0.04066720793803233,1.0312269339715785,-0.04469072144352662
8011.0,0.214894269077536,-0.03470805478780233,0.3059329953008406,0.013240777295188463,1.6330799008823706,-0.02324185419226198
8050.0,0.24147736408890189,0.027662923706579915,0.5432337239686215,0.043255580444591026,1.19822796215648,0.023251345119139122
8051.0,0.12069970845481053,0.02058271539645288,0.5229969239783214,0.03560347631027447,1.4340218547855899,0.02026607949622041
8060.0,0.1321252259670232,0.024365819608786473,0.44157897483619696,0.03427512815423691,1.5268412066523838,0.02681525006281142
8062.0,0.07478106593651976,0.024965760462383427,0.50256788208791,0.07837320718494234,1.3701706216905276,0.025523092662356223
8071.0,0.113778436885305,-0.08277604371389835,0.3946166378194685,0.037032714582336,1.4183173261311661,-0.08423334820155458
8082.0,0.08659961614366807,0.012116331593172646,0.2600222353018115,0.017770375294252898,1.6241843393148452,0.005912522668810653
8090.0,0.11285577970602231,0.007725821656764645,0.3076950462584141,0.07306177521697906,1.3746215421456869,0.00865654087928343
8093.0,0.08087739956325916,-0.039588007829283435,0.3677633256822239,0.040554738964414125,1.471612856205816,-0.04130462974970821
8111.0,0.08104956268221589,0.030159015643510933,0.20231747904584868,0.03565743798827426,0.8445734702992408,0.020404924058552223
8200.0,0.03613746020284251,-0.014445886502368287,0.1630830142203282,0.04038516871058301,1.086165777839612,-0.011826544021024966
8300.0,0.19041747323653158,-0.031040679627511846,0.5870966127641765,0.031106310064814124,0.7407689234690965,-0.031080946022343056
8351.0,0.09217900285665039,-0.011504918849291584,0.394408867506594,0.06956425285685691,0.7617554858934169,0.014808600488278487
8400.0,-0.49554760636273687,-0.10062816031861839,0.18537460617404988,,1.4739559175215502,0.02165057332528666
8600.0,-0.12369383290240657,-0.4138844864766557,0.46454831250487155,-0.29522720777364964,0.2644304355721587,-0.2781172526973707
8700.0,0.10602044680045437,0.0014902164053388622,0.16081871345029236,0.04880636604774536,1.4711162255466055,0.004585562426179393
8711.0,0.07868637527723371,0.004882003448904278,0.25871924484708486,0.02901017961991453,1.5550638129887902,0.0023766885476481357
8721.0,0.12689683040527577,-0.01759389954629716,0.2539282304212505,0.021096670515501695,1.3187279151943463,-0.03140535129540711
8731.0,0.058747160012982795,-0.2463115942682971,0.19859906932733418,-0.17929906310414911,1.434132276085781,-0.5420168048297365
8734.0,0.07979476985485712,-0.06895803120956608,0.3355704697986577,0.02161313046921861,1.4198289533303128,-0.04604626443410517
8741.0,0.15286903197547097,0.026132521403128432,0.2348466332286759,0.028126960051322047,1.8098562086743353,0.025126948495181954
8742.0,0.010927948355093416,-0.017552916881775942,0.0975295827278389,0.010129485608992982,1.5700188622940536,-0.01003177625810867
8744.0,0.05009560265567075,0.03428021896682028,0.3980860685133854,0.04039098749372603,1.92842962035633,0.023603641963396628
8900.0,0.9568069983597595,-0.3325963801266153,0.5167569501544095,-0.1399097813861344,0.6162565430589237,-0.36016288952518216
9995.0,-1.0,-0.016826951166785467,0.0,-0.01037422535693498,0.6575924092972456,-1.2336227308603
9997.0,0.02158970673402854,0.020431080078939748,0.34242275482638457,0.045589255906592706,1.3565573121390888,0.0567123490970084
